timestamp,elapsed_s,frame_no,class_name,confidence,should_spray,primary_zone,spray_duration_ms,bbox_x,bbox_y,bbox_w,bbox_h,inference_ms
2026-02-24T16:57:45.221,0.05,1,early_blight,0.9864,True,,0,0,0,0,0,36.5
2026-02-24T16:57:45.235,0.06,2,early_blight,0.9997,True,,0,0,0,0,0,10.4
2026-02-24T16:57:45.245,0.07,3,early_blight,0.9994,True,,0,0,0,0,0,9.9
2026-02-24T16:57:45.255,0.08,4,early_blight,0.5445,False,,0,0,0,0,0,9.5
2026-02-24T16:57:45.266,0.09,5,early_blight,0.6749,False,,0,0,0,0,0,10.2
2026-02-24T16:57:45.278,0.1,6,early_blight,0.997,True,,0,0,0,0,0,10.7
2026-02-24T16:57:45.288,0.11,7,early_blight,0.6101,False,,0,0,0,0,0,9.5
2026-02-24T16:57:45.300,0.13,8,early_blight,0.9869,True,,0,0,0,0,0,11.2
2026-02-24T16:57:45.311,0.14,9,early_blight,0.8791,True,,0,0,0,0,0,10.0
2026-02-24T16:57:45.321,0.15,10,early_blight,0.6858,False,,0,0,0,0,0,9.5
2026-02-24T16:57:45.332,0.16,11,early_blight,0.5503,False,,0,0,0,0,0,9.6
2026-02-24T16:57:45.342,0.17,12,early_blight,0.9365,True,,0,0,0,0,0,9.7
2026-02-24T16:57:45.352,0.18,13,early_blight,0.9169,True,,0,0,0,0,0,9.4
2026-02-24T16:57:45.362,0.19,14,early_blight,0.9121,True,,0,0,0,0,0,9.5
2026-02-24T16:57:45.373,0.2,15,early_blight,0.9976,True,,0,0,0,0,0,9.4
2026-02-24T16:57:45.384,0.21,16,early_blight,0.8726,True,,0,0,0,0,0,10.5
2026-02-24T16:57:45.394,0.22,17,early_blight,0.8425,True,,0,0,0,0,0,9.6
2026-02-24T16:57:45.405,0.23,18,early_blight,0.9982,True,,0,0,0,0,0,9.4
2026-02-24T16:57:45.415,0.24,19,early_blight,0.8551,True,,0,0,0,0,0,9.7
2026-02-24T16:57:45.425,0.25,20,early_blight,0.9702,True,,0,0,0,0,0,9.6
2026-02-24T16:57:45.436,0.26,21,early_blight,0.508,False,,0,0,0,0,0,9.4
2026-02-24T16:57:45.446,0.27,22,early_blight,0.9939,True,,0,0,0,0,0,9.5
2026-02-24T16:57:45.457,0.28,23,early_blight,0.7874,True,,0,0,0,0,0,9.7
2026-02-24T16:57:45.467,0.29,24,early_blight,0.9978,True,,0,0,0,0,0,9.5
2026-02-24T16:57:45.477,0.3,25,early_blight,0.9695,True,,0,0,0,0,0,9.6
2026-02-24T16:57:45.487,0.31,26,early_blight,0.9879,True,,0,0,0,0,0,9.3
2026-02-24T16:57:45.498,0.32,27,early_blight,0.7497,True,,0,0,0,0,0,9.6
2026-02-24T16:57:45.508,0.33,28,early_blight,0.8006,True,,0,0,0,0,0,9.6
2026-02-24T16:57:45.518,0.34,29,early_blight,0.9958,True,,0,0,0,0,0,9.4
2026-02-24T16:57:45.528,0.35,30,early_blight,0.9874,True,,0,0,0,0,0,9.6
2026-02-24T16:57:45.539,0.36,31,early_blight,0.9884,True,,0,0,0,0,0,9.4
2026-02-24T16:57:45.549,0.37,32,early_blight,0.9601,True,,0,0,0,0,0,9.8
2026-02-24T16:57:45.560,0.38,33,late_blight,0.906,True,,0,0,0,0,0,9.6
2026-02-24T16:57:45.570,0.4,34,early_blight,0.6821,False,,0,0,0,0,0,9.5
2026-02-24T16:57:45.580,0.41,35,late_blight,0.5887,False,,0,0,0,0,0,9.6
2026-02-24T16:57:45.590,0.42,36,early_blight,0.9882,True,,0,0,0,0,0,9.4
2026-02-24T16:57:45.601,0.43,37,early_blight,0.9591,True,,0,0,0,0,0,9.8
2026-02-24T16:57:45.614,0.44,38,early_blight,0.653,False,,0,0,0,0,0,11.8
2026-02-24T16:57:45.624,0.45,39,early_blight,0.9855,True,,0,0,0,0,0,9.4
2026-02-24T16:57:45.634,0.46,40,early_blight,0.953,True,,0,0,0,0,0,9.4
2026-02-24T16:57:45.645,0.47,41,early_blight,0.993,True,,0,0,0,0,0,9.6
2026-02-24T16:57:45.655,0.48,42,early_blight,0.9998,True,,0,0,0,0,0,9.6
2026-02-24T16:57:45.665,0.49,43,early_blight,0.8168,True,,0,0,0,0,0,9.5
2026-02-24T16:57:45.676,0.5,44,early_blight,1.0,True,,0,0,0,0,0,9.8
2026-02-24T16:57:45.686,0.51,45,early_blight,0.994,True,,0,0,0,0,0,9.4
2026-02-24T16:57:45.697,0.52,46,early_blight,0.9964,True,,0,0,0,0,0,10.8
2026-02-24T16:57:45.708,0.53,47,early_blight,0.5445,False,,0,0,0,0,0,9.8
2026-02-24T16:57:45.718,0.54,48,early_blight,0.9947,True,,0,0,0,0,0,9.5
2026-02-24T16:57:45.729,0.55,49,late_blight,0.5562,False,,0,0,0,0,0,9.6
2026-02-24T16:57:45.739,0.56,50,early_blight,0.738,True,,0,0,0,0,0,9.4
2026-02-24T16:57:45.750,0.57,51,early_blight,0.9956,True,,0,0,0,0,0,9.6
2026-02-24T16:57:45.763,0.59,52,early_blight,0.8329,True,,0,0,0,0,0,12.6
2026-02-24T16:57:45.773,0.6,53,late_blight,0.5347,False,,0,0,0,0,0,9.5
2026-02-24T16:57:45.784,0.61,54,early_blight,0.9791,True,,0,0,0,0,0,9.4
2026-02-24T16:57:45.794,0.62,55,early_blight,0.9948,True,,0,0,0,0,0,9.6
2026-02-24T16:57:45.805,0.63,56,early_blight,0.5854,False,,0,0,0,0,0,9.5
2026-02-24T16:57:45.815,0.64,57,early_blight,0.9633,True,,0,0,0,0,0,9.7
2026-02-24T16:57:45.825,0.65,58,early_blight,0.9831,True,,0,0,0,0,0,9.6
2026-02-24T16:57:45.836,0.66,59,late_blight,0.5556,False,,0,0,0,0,0,9.5
2026-02-24T16:57:45.846,0.67,60,early_blight,0.9979,True,,0,0,0,0,0,9.6
2026-02-24T16:57:45.856,0.68,61,early_blight,0.9961,True,,0,0,0,0,0,9.5
2026-02-24T16:57:45.867,0.69,62,early_blight,0.7548,True,,0,0,0,0,0,9.8
2026-02-24T16:57:45.878,0.7,63,early_blight,0.7684,True,,0,0,0,0,0,10.6
2026-02-24T16:57:45.888,0.71,64,early_blight,0.6551,False,,0,0,0,0,0,9.5
2026-02-24T16:57:45.898,0.72,65,early_blight,0.9897,True,,0,0,0,0,0,9.7
2026-02-24T16:57:45.909,0.73,66,late_blight,0.6021,False,,0,0,0,0,0,9.8
2026-02-24T16:57:45.919,0.74,67,early_blight,0.7123,True,,0,0,0,0,0,9.5
2026-02-24T16:57:45.929,0.75,68,early_blight,0.9072,True,,0,0,0,0,0,9.6
2026-02-24T16:57:45.940,0.76,69,early_blight,0.645,False,,0,0,0,0,0,9.4
2026-02-24T16:57:45.950,0.78,70,early_blight,0.9591,True,,0,0,0,0,0,9.6
2026-02-24T16:57:45.960,0.79,71,early_blight,0.9747,True,,0,0,0,0,0,9.6
2026-02-24T16:57:45.970,0.8,72,early_blight,0.885,True,,0,0,0,0,0,9.4
2026-02-24T16:57:45.981,0.81,73,early_blight,0.8759,True,,0,0,0,0,0,9.7
2026-02-24T16:57:45.991,0.82,74,early_blight,0.5952,False,,0,0,0,0,0,9.6
2026-02-24T16:57:46.001,0.83,75,early_blight,0.9881,True,,0,0,0,0,0,9.7
2026-02-24T16:57:46.012,0.84,76,early_blight,0.9476,True,,0,0,0,0,0,9.6
2026-02-24T16:57:46.022,0.85,77,early_blight,0.893,True,,0,0,0,0,0,9.5
2026-02-24T16:57:46.032,0.86,78,early_blight,0.9998,True,,0,0,0,0,0,9.7
2026-02-24T16:57:46.043,0.87,79,early_blight,0.9486,True,,0,0,0,0,0,9.6
2026-02-24T16:57:46.053,0.88,80,early_blight,0.9913,True,,0,0,0,0,0,9.4
2026-02-24T16:57:46.063,0.89,81,early_blight,0.9641,True,,0,0,0,0,0,9.9
2026-02-24T16:57:46.074,0.9,82,early_blight,0.9978,True,,0,0,0,0,0,9.4
2026-02-24T16:57:46.084,0.91,83,early_blight,0.9985,True,,0,0,0,0,0,9.4
2026-02-24T16:57:46.094,0.92,84,early_blight,0.8853,True,,0,0,0,0,0,9.7
2026-02-24T16:57:46.104,0.93,85,early_blight,0.8834,True,,0,0,0,0,0,9.4
2026-02-24T16:57:46.115,0.94,86,early_blight,0.972,True,,0,0,0,0,0,9.6
2026-02-24T16:57:46.125,0.95,87,early_blight,0.9951,True,,0,0,0,0,0,9.7
2026-02-24T16:57:46.135,0.96,88,early_blight,0.9642,True,,0,0,0,0,0,9.4
2026-02-24T16:57:46.146,0.97,89,early_blight,0.9974,True,,0,0,0,0,0,9.6
2026-02-24T16:57:46.156,0.98,90,early_blight,0.9934,True,,0,0,0,0,0,9.4
2026-02-24T16:57:46.166,0.99,91,early_blight,0.9296,True,,0,0,0,0,0,9.6
2026-02-24T16:57:46.176,1.0,92,early_blight,0.8956,True,,0,0,0,0,0,9.6
2026-02-24T16:57:46.187,1.01,93,early_blight,0.9991,True,,0,0,0,0,0,9.6
2026-02-24T16:57:46.197,1.02,94,early_blight,0.9701,True,,0,0,0,0,0,9.7
2026-02-24T16:57:46.207,1.03,95,late_blight,0.5982,False,,0,0,0,0,0,9.6
2026-02-24T16:57:46.218,1.04,96,early_blight,0.9841,True,,0,0,0,0,0,9.8
2026-02-24T16:57:46.228,1.05,97,early_blight,0.5948,False,,0,0,0,0,0,9.9
2026-02-24T16:57:46.239,1.06,98,early_blight,0.7844,True,,0,0,0,0,0,9.8
2026-02-24T16:57:46.249,1.07,99,early_blight,0.5314,False,,0,0,0,0,0,9.7
2026-02-24T16:57:46.260,1.09,100,late_blight,0.5069,False,,0,0,0,0,0,10.0
2026-02-24T16:57:46.271,1.1,101,early_blight,0.6853,False,,0,0,0,0,0,9.8
2026-02-24T16:57:46.281,1.11,102,early_blight,0.9899,True,,0,0,0,0,0,9.9
2026-02-24T16:57:46.292,1.12,103,early_blight,0.9953,True,,0,0,0,0,0,9.7
2026-02-24T16:57:46.302,1.13,104,early_blight,0.8145,True,,0,0,0,0,0,9.5
2026-02-24T16:57:46.313,1.14,105,healthy,0.4048,False,,0,0,0,0,0,9.7
2026-02-24T16:57:46.323,1.15,106,early_blight,0.7883,True,,0,0,0,0,0,9.3
2026-02-24T16:57:46.333,1.16,107,early_blight,0.9825,True,,0,0,0,0,0,9.7
2026-02-24T16:57:46.344,1.17,108,early_blight,0.9994,True,,0,0,0,0,0,9.8
2026-02-24T16:57:46.354,1.18,109,early_blight,0.9997,True,,0,0,0,0,0,9.4
2026-02-24T16:57:46.364,1.19,110,early_blight,0.5739,False,,0,0,0,0,0,9.6
2026-02-24T16:57:46.375,1.2,111,early_blight,0.8059,True,,0,0,0,0,0,9.7
2026-02-24T16:57:46.387,1.21,112,early_blight,0.9528,True,,0,0,0,0,0,11.4
2026-02-24T16:57:46.397,1.22,113,early_blight,0.9823,True,,0,0,0,0,0,9.7
2026-02-24T16:57:46.408,1.23,114,early_blight,0.7079,True,,0,0,0,0,0,9.9
2026-02-24T16:57:46.418,1.24,115,early_blight,0.9675,True,,0,0,0,0,0,9.4
2026-02-24T16:57:46.429,1.25,116,late_blight,0.5365,False,,0,0,0,0,0,9.7
2026-02-24T16:57:46.439,1.26,117,early_blight,0.7235,True,,0,0,0,0,0,9.5
2026-02-24T16:57:46.449,1.27,118,early_blight,0.9946,True,,0,0,0,0,0,9.7
2026-02-24T16:57:46.460,1.29,119,early_blight,0.9832,True,,0,0,0,0,0,9.8
2026-02-24T16:57:46.470,1.3,120,early_blight,0.9905,True,,0,0,0,0,0,9.5
2026-02-24T16:57:46.481,1.31,121,early_blight,0.9997,True,,0,0,0,0,0,9.9
2026-02-24T16:57:46.492,1.32,122,healthy,0.7667,False,,0,0,0,0,0,9.7
2026-02-24T16:57:46.504,1.33,123,late_blight,0.6506,False,,0,0,0,0,0,12.0
2026-02-24T16:57:46.520,1.34,124,early_blight,0.9972,True,,0,0,0,0,0,14.8
2026-02-24T16:57:46.534,1.36,125,early_blight,0.9511,True,,0,0,0,0,0,14.0
2026-02-24T16:57:46.551,1.38,126,early_blight,0.6857,False,,0,0,0,0,0,16.1
2026-02-24T16:57:46.566,1.39,127,early_blight,0.9993,True,,0,0,0,0,0,14.6
2026-02-24T16:57:46.577,1.4,128,early_blight,1.0,True,,0,0,0,0,0,9.8
2026-02-24T16:57:46.587,1.41,129,early_blight,0.978,True,,0,0,0,0,0,9.5
2026-02-24T16:57:46.598,1.42,130,early_blight,0.9869,True,,0,0,0,0,0,9.7
2026-02-24T16:57:46.608,1.43,131,early_blight,0.9995,True,,0,0,0,0,0,9.6
2026-02-24T16:57:46.619,1.44,132,early_blight,0.9888,True,,0,0,0,0,0,9.4
2026-02-24T16:57:46.629,1.45,133,early_blight,0.4486,False,,0,0,0,0,0,9.7
2026-02-24T16:57:46.639,1.46,134,early_blight,0.9473,True,,0,0,0,0,0,9.3
2026-02-24T16:57:46.649,1.47,135,early_blight,0.9785,True,,0,0,0,0,0,9.5
2026-02-24T16:57:46.659,1.48,136,early_blight,0.9373,True,,0,0,0,0,0,9.4
2026-02-24T16:57:46.678,1.5,137,early_blight,0.7007,True,,0,0,0,0,0,17.4
2026-02-24T16:57:46.691,1.52,138,late_blight,0.5416,False,,0,0,0,0,0,12.7
2026-02-24T16:57:46.701,1.53,139,early_blight,0.9999,True,,0,0,0,0,0,9.5
2026-02-24T16:57:46.712,1.54,140,early_blight,0.8693,True,,0,0,0,0,0,9.5
2026-02-24T16:57:46.722,1.55,141,early_blight,0.8853,True,,0,0,0,0,0,9.4
2026-02-24T16:57:46.732,1.56,142,late_blight,0.8229,True,,0,0,0,0,0,9.6
2026-02-24T16:57:46.743,1.57,143,early_blight,0.9796,True,,0,0,0,0,0,9.6
2026-02-24T16:57:46.753,1.58,144,early_blight,0.8799,True,,0,0,0,0,0,9.5
2026-02-24T16:57:46.763,1.59,145,early_blight,0.7389,True,,0,0,0,0,0,9.6
2026-02-24T16:57:46.773,1.6,146,early_blight,0.593,False,,0,0,0,0,0,9.4
2026-02-24T16:57:46.784,1.61,147,early_blight,0.9635,True,,0,0,0,0,0,9.5
2026-02-24T16:57:46.794,1.62,148,early_blight,0.8121,True,,0,0,0,0,0,9.6
2026-02-24T16:57:46.804,1.63,149,early_blight,0.957,True,,0,0,0,0,0,9.6
2026-02-24T16:57:46.816,1.64,150,late_blight,0.7991,True,,0,0,0,0,0,11.1
2026-02-24T16:57:46.827,1.65,151,early_blight,0.9602,True,,0,0,0,0,0,9.8
2026-02-24T16:57:46.837,1.66,152,early_blight,0.9952,True,,0,0,0,0,0,9.4
2026-02-24T16:57:46.847,1.67,153,early_blight,0.999,True,,0,0,0,0,0,9.6
2026-02-24T16:57:46.857,1.68,154,early_blight,0.9953,True,,0,0,0,0,0,9.5
2026-02-24T16:57:46.868,1.69,155,early_blight,0.997,True,,0,0,0,0,0,9.8
2026-02-24T16:57:46.879,1.7,156,early_blight,0.9976,True,,0,0,0,0,0,10.7
2026-02-24T16:57:46.890,1.72,157,early_blight,0.9512,True,,0,0,0,0,0,10.1
2026-02-24T16:57:46.900,1.73,158,early_blight,0.999,True,,0,0,0,0,0,9.4
2026-02-24T16:57:46.911,1.74,159,early_blight,0.6845,False,,0,0,0,0,0,9.7
2026-02-24T16:57:46.921,1.75,160,early_blight,0.9835,True,,0,0,0,0,0,9.5
2026-02-24T16:57:46.932,1.76,161,late_blight,0.7948,True,,0,0,0,0,0,9.7
2026-02-24T16:57:46.942,1.77,162,early_blight,0.9986,True,,0,0,0,0,0,9.6
2026-02-24T16:57:46.953,1.78,163,early_blight,0.9999,True,,0,0,0,0,0,9.9
2026-02-24T16:57:46.963,1.79,164,early_blight,0.6354,False,,0,0,0,0,0,9.6
2026-02-24T16:57:46.974,1.8,165,late_blight,0.5789,False,,0,0,0,0,0,9.5
2026-02-24T16:57:46.985,1.81,166,early_blight,0.5334,False,,0,0,0,0,0,10.1
2026-02-24T16:57:46.996,1.82,167,early_blight,0.9816,True,,0,0,0,0,0,10.3
2026-02-24T16:57:47.007,1.83,168,early_blight,0.9963,True,,0,0,0,0,0,9.5
2026-02-24T16:57:47.017,1.84,169,early_blight,0.9995,True,,0,0,0,0,0,9.4
2026-02-24T16:57:47.027,1.85,170,early_blight,0.8992,True,,0,0,0,0,0,9.6
2026-02-24T16:57:47.037,1.86,171,early_blight,0.9799,True,,0,0,0,0,0,9.3
2026-02-24T16:57:47.048,1.87,172,early_blight,0.9684,True,,0,0,0,0,0,9.5
2026-02-24T16:57:47.058,1.88,173,early_blight,0.9985,True,,0,0,0,0,0,9.5
2026-02-24T16:57:47.068,1.89,174,early_blight,0.9273,True,,0,0,0,0,0,9.6
2026-02-24T16:57:47.079,1.9,175,early_blight,0.8173,True,,0,0,0,0,0,9.6
2026-02-24T16:57:47.089,1.91,176,early_blight,0.996,True,,0,0,0,0,0,9.4
2026-02-24T16:57:47.099,1.92,177,early_blight,0.595,False,,0,0,0,0,0,9.6
2026-02-24T16:57:47.111,1.94,178,early_blight,0.871,True,,0,0,0,0,0,11.3
2026-02-24T16:57:47.122,1.95,179,early_blight,0.5429,False,,0,0,0,0,0,9.5
2026-02-24T16:57:47.133,1.96,180,early_blight,0.9897,True,,0,0,0,0,0,9.9
2026-02-24T16:57:47.143,1.97,181,early_blight,0.8503,True,,0,0,0,0,0,9.5
2026-02-24T16:57:47.153,1.98,182,early_blight,0.7438,True,,0,0,0,0,0,9.5
2026-02-24T16:57:47.163,1.99,183,late_blight,0.5099,False,,0,0,0,0,0,9.6
2026-02-24T16:57:47.174,2.0,184,early_blight,0.796,True,,0,0,0,0,0,9.4
2026-02-24T16:57:47.184,2.01,185,early_blight,0.9985,True,,0,0,0,0,0,9.4
2026-02-24T16:57:47.194,2.02,186,early_blight,0.9402,True,,0,0,0,0,0,9.4
2026-02-24T16:57:47.204,2.03,187,early_blight,0.6085,False,,0,0,0,0,0,9.4
2026-02-24T16:57:47.214,2.04,188,early_blight,0.9357,True,,0,0,0,0,0,9.6
2026-02-24T16:57:47.225,2.05,189,early_blight,0.5448,False,,0,0,0,0,0,9.6
2026-02-24T16:57:47.235,2.06,190,late_blight,0.8376,True,,0,0,0,0,0,9.4
2026-02-24T16:57:47.245,2.07,191,late_blight,0.8939,True,,0,0,0,0,0,9.4
2026-02-24T16:57:47.255,2.08,192,early_blight,0.9995,True,,0,0,0,0,0,9.4
2026-02-24T16:57:47.265,2.09,193,early_blight,0.9998,True,,0,0,0,0,0,9.6
2026-02-24T16:57:47.276,2.1,194,early_blight,0.9277,True,,0,0,0,0,0,9.5
2026-02-24T16:57:47.286,2.11,195,late_blight,0.7263,True,,0,0,0,0,0,9.3
2026-02-24T16:57:47.296,2.12,196,early_blight,0.9378,True,,0,0,0,0,0,9.5
2026-02-24T16:57:47.306,2.13,197,early_blight,0.9922,True,,0,0,0,0,0,9.4
2026-02-24T16:57:47.316,2.14,198,early_blight,0.8938,True,,0,0,0,0,0,9.6
2026-02-24T16:57:47.327,2.15,199,late_blight,0.6838,False,,0,0,0,0,0,9.5
2026-02-24T16:57:47.337,2.16,200,late_blight,0.5091,False,,0,0,0,0,0,9.4
2026-02-24T16:57:47.347,2.17,201,late_blight,0.7786,True,,0,0,0,0,0,9.5
2026-02-24T16:57:47.357,2.18,202,early_blight,0.979,True,,0,0,0,0,0,9.4
2026-02-24T16:57:47.367,2.19,203,early_blight,0.9758,True,,0,0,0,0,0,9.4
2026-02-24T16:57:47.379,2.2,204,early_blight,0.9951,True,,0,0,0,0,0,10.8
2026-02-24T16:57:47.390,2.22,205,late_blight,0.5639,False,,0,0,0,0,0,9.6
2026-02-24T16:57:47.400,2.23,206,early_blight,0.9932,True,,0,0,0,0,0,9.5
2026-02-24T16:57:47.410,2.24,207,early_blight,0.8949,True,,0,0,0,0,0,9.5
2026-02-24T16:57:47.421,2.25,208,early_blight,0.7045,True,,0,0,0,0,0,10.0
2026-02-24T16:57:47.432,2.26,209,early_blight,0.8638,True,,0,0,0,0,0,9.8
2026-02-24T16:57:47.442,2.27,210,early_blight,0.9955,True,,0,0,0,0,0,9.6
2026-02-24T16:57:47.452,2.28,211,early_blight,0.9959,True,,0,0,0,0,0,9.3
2026-02-24T16:57:47.462,2.29,212,early_blight,0.9353,True,,0,0,0,0,0,9.6
2026-02-24T16:57:47.472,2.3,213,late_blight,0.5553,False,,0,0,0,0,0,9.4
2026-02-24T16:57:47.483,2.31,214,early_blight,0.9778,True,,0,0,0,0,0,9.6
2026-02-24T16:57:47.493,2.32,215,early_blight,0.9996,True,,0,0,0,0,0,9.4
2026-02-24T16:57:47.503,2.33,216,early_blight,0.9934,True,,0,0,0,0,0,9.6
2026-02-24T16:57:47.513,2.34,217,early_blight,0.9922,True,,0,0,0,0,0,9.5
2026-02-24T16:57:47.524,2.35,218,early_blight,0.9853,True,,0,0,0,0,0,9.5
2026-02-24T16:57:47.534,2.36,219,early_blight,0.9999,True,,0,0,0,0,0,9.4
2026-02-24T16:57:47.544,2.37,220,early_blight,0.5719,False,,0,0,0,0,0,9.5
2026-02-24T16:57:47.554,2.38,221,early_blight,0.9496,True,,0,0,0,0,0,9.5
2026-02-24T16:57:47.564,2.39,222,early_blight,0.9917,True,,0,0,0,0,0,9.5
2026-02-24T16:57:47.575,2.4,223,early_blight,0.9941,True,,0,0,0,0,0,9.9
2026-02-24T16:57:47.585,2.41,224,early_blight,0.9384,True,,0,0,0,0,0,9.4
2026-02-24T16:57:47.595,2.42,225,early_blight,0.9333,True,,0,0,0,0,0,9.5
2026-02-24T16:57:47.606,2.43,226,early_blight,0.997,True,,0,0,0,0,0,9.4
2026-02-24T16:57:47.616,2.44,227,early_blight,0.7777,True,,0,0,0,0,0,9.5
2026-02-24T16:57:47.626,2.45,228,early_blight,0.7277,True,,0,0,0,0,0,9.7
2026-02-24T16:57:47.636,2.46,229,early_blight,0.957,True,,0,0,0,0,0,9.3
2026-02-24T16:57:47.647,2.47,230,early_blight,0.5384,False,,0,0,0,0,0,9.5
2026-02-24T16:57:47.657,2.48,231,early_blight,0.9579,True,,0,0,0,0,0,9.4
2026-02-24T16:57:47.667,2.49,232,early_blight,0.8276,True,,0,0,0,0,0,9.4
2026-02-24T16:57:47.677,2.5,233,early_blight,0.9917,True,,0,0,0,0,0,9.7
2026-02-24T16:57:47.687,2.51,234,early_blight,0.9963,True,,0,0,0,0,0,9.4
2026-02-24T16:57:47.698,2.52,235,late_blight,0.5266,False,,0,0,0,0,0,9.6
2026-02-24T16:57:47.708,2.53,236,early_blight,0.783,True,,0,0,0,0,0,9.6
2026-02-24T16:57:47.718,2.54,237,early_blight,1.0,True,,0,0,0,0,0,9.4
2026-02-24T16:57:47.729,2.55,238,early_blight,0.9996,True,,0,0,0,0,0,9.8
2026-02-24T16:57:47.739,2.56,239,early_blight,0.9231,True,,0,0,0,0,0,9.3
2026-02-24T16:57:47.749,2.57,240,late_blight,0.6004,False,,0,0,0,0,0,9.4
2026-02-24T16:57:47.760,2.59,241,early_blight,0.9139,True,,0,0,0,0,0,10.1
2026-02-24T16:57:47.776,2.6,242,early_blight,0.999,True,,0,0,0,0,0,15.4
2026-02-24T16:57:47.792,2.62,243,early_blight,0.9377,True,,0,0,0,0,0,15.0
2026-02-24T16:57:47.803,2.63,244,early_blight,0.8783,True,,0,0,0,0,0,10.4
2026-02-24T16:57:47.813,2.64,245,early_blight,0.9615,True,,0,0,0,0,0,9.5
2026-02-24T16:57:47.823,2.65,246,early_blight,0.9027,True,,0,0,0,0,0,9.4
2026-02-24T16:57:47.834,2.66,247,early_blight,0.9968,True,,0,0,0,0,0,9.5
2026-02-24T16:57:47.844,2.67,248,early_blight,0.9917,True,,0,0,0,0,0,9.6
2026-02-24T16:57:47.854,2.68,249,early_blight,0.9553,True,,0,0,0,0,0,9.3
2026-02-24T16:57:47.864,2.69,250,early_blight,0.8225,True,,0,0,0,0,0,9.5
2026-02-24T16:57:47.875,2.7,251,early_blight,0.7756,True,,0,0,0,0,0,10.2
2026-02-24T16:57:47.889,2.71,252,early_blight,0.9521,True,,0,0,0,0,0,11.9
2026-02-24T16:57:47.900,2.73,253,early_blight,0.9996,True,,0,0,0,0,0,9.7
2026-02-24T16:57:47.910,2.74,254,early_blight,0.9962,True,,0,0,0,0,0,9.6
2026-02-24T16:57:47.920,2.75,255,early_blight,0.9792,True,,0,0,0,0,0,9.4
2026-02-24T16:57:47.930,2.76,256,early_blight,0.9965,True,,0,0,0,0,0,9.5
2026-02-24T16:57:47.940,2.77,257,early_blight,0.9938,True,,0,0,0,0,0,9.4
2026-02-24T16:57:47.951,2.78,258,early_blight,0.9997,True,,0,0,0,0,0,9.4
2026-02-24T16:57:47.961,2.79,259,early_blight,0.8809,True,,0,0,0,0,0,9.6
2026-02-24T16:57:47.971,2.8,260,late_blight,0.5448,False,,0,0,0,0,0,9.4
2026-02-24T16:57:47.982,2.81,261,early_blight,0.94,True,,0,0,0,0,0,9.6
2026-02-24T16:57:47.992,2.82,262,early_blight,0.9898,True,,0,0,0,0,0,9.6
2026-02-24T16:57:48.002,2.83,263,early_blight,0.991,True,,0,0,0,0,0,9.3
2026-02-24T16:57:48.012,2.84,264,early_blight,0.9993,True,,0,0,0,0,0,9.4
2026-02-24T16:57:48.023,2.85,265,late_blight,0.9286,True,,0,0,0,0,0,9.8
2026-02-24T16:57:48.034,2.86,266,late_blight,0.6801,False,,0,0,0,0,0,10.1
2026-02-24T16:57:48.044,2.87,267,late_blight,0.8847,True,,0,0,0,0,0,9.6
2026-02-24T16:57:48.055,2.88,268,early_blight,0.8955,True,,0,0,0,0,0,9.6
2026-02-24T16:57:48.065,2.89,269,early_blight,0.9995,True,,0,0,0,0,0,9.6
2026-02-24T16:57:48.076,2.9,270,early_blight,0.9829,True,,0,0,0,0,0,9.9
2026-02-24T16:57:48.086,2.91,271,early_blight,0.6753,False,,0,0,0,0,0,10.3
2026-02-24T16:57:48.103,2.93,272,early_blight,0.9859,True,,0,0,0,0,0,15.5
2026-02-24T16:57:48.119,2.94,273,early_blight,0.9983,True,,0,0,0,0,0,15.4
2026-02-24T16:57:48.141,2.97,274,early_blight,0.9845,True,,0,0,0,0,0,21.0
2026-02-24T16:57:48.160,2.99,275,early_blight,0.9797,True,,0,0,0,0,0,18.0
2026-02-24T16:57:48.171,3.0,276,late_blight,0.6321,False,,0,0,0,0,0,10.6
2026-02-24T16:57:48.184,3.01,277,early_blight,0.7685,True,,0,0,0,0,0,11.3
2026-02-24T16:57:48.194,3.02,278,early_blight,0.6664,False,,0,0,0,0,0,9.9
2026-02-24T16:57:48.205,3.03,279,early_blight,0.9856,True,,0,0,0,0,0,10.0
2026-02-24T16:57:48.217,3.04,280,early_blight,0.9098,True,,0,0,0,0,0,10.7
2026-02-24T16:57:48.228,3.05,281,early_blight,0.9481,True,,0,0,0,0,0,10.1
2026-02-24T16:57:48.239,3.06,282,early_blight,0.9485,True,,0,0,0,0,0,10.2
2026-02-24T16:57:48.251,3.08,283,late_blight,0.7492,True,,0,0,0,0,0,11.4
2026-02-24T16:57:48.262,3.09,284,late_blight,0.7076,True,,0,0,0,0,0,9.8
2026-02-24T16:57:48.273,3.1,285,late_blight,0.8517,True,,0,0,0,0,0,10.7
2026-02-24T16:57:48.285,3.11,286,early_blight,0.7363,True,,0,0,0,0,0,10.2
2026-02-24T16:57:48.295,3.12,287,late_blight,0.6335,False,,0,0,0,0,0,10.1
2026-02-24T16:57:48.307,3.13,288,early_blight,0.7662,True,,0,0,0,0,0,10.2
2026-02-24T16:57:48.318,3.14,289,healthy,0.7741,False,,0,0,0,0,0,10.3
2026-02-24T16:57:48.329,3.15,290,early_blight,0.981,True,,0,0,0,0,0,10.0
2026-02-24T16:57:48.340,3.17,291,early_blight,0.3919,False,,0,0,0,0,0,10.3
2026-02-24T16:57:48.351,3.18,292,early_blight,0.9954,True,,0,0,0,0,0,10.4
2026-02-24T16:57:48.362,3.19,293,early_blight,0.8257,True,,0,0,0,0,0,10.1
2026-02-24T16:57:48.373,3.2,294,early_blight,0.9999,True,,0,0,0,0,0,10.1
2026-02-24T16:57:48.386,3.21,295,early_blight,0.6878,False,,0,0,0,0,0,11.8
2026-02-24T16:57:48.396,3.22,296,early_blight,0.9973,True,,0,0,0,0,0,9.9
2026-02-24T16:57:48.407,3.23,297,early_blight,0.9679,True,,0,0,0,0,0,10.3
2026-02-24T16:57:48.418,3.24,298,early_blight,0.9529,True,,0,0,0,0,0,10.3
2026-02-24T16:57:48.429,3.25,299,early_blight,0.5473,False,,0,0,0,0,0,10.2
2026-02-24T16:57:48.440,3.27,300,early_blight,0.9749,True,,0,0,0,0,0,10.3
2026-02-24T16:57:48.452,3.28,301,early_blight,0.751,True,,0,0,0,0,0,10.6
2026-02-24T16:57:48.463,3.29,302,early_blight,0.9354,True,,0,0,0,0,0,10.4
2026-02-24T16:57:48.474,3.3,303,early_blight,0.9981,True,,0,0,0,0,0,10.2
2026-02-24T16:57:48.485,3.31,304,early_blight,0.7912,True,,0,0,0,0,0,10.0
2026-02-24T16:57:48.496,3.32,305,early_blight,0.9167,True,,0,0,0,0,0,10.1
2026-02-24T16:57:48.506,3.33,306,early_blight,0.8771,True,,0,0,0,0,0,10.0
2026-02-24T16:57:48.517,3.34,307,early_blight,0.9952,True,,0,0,0,0,0,10.2
2026-02-24T16:57:48.528,3.35,308,early_blight,0.8589,True,,0,0,0,0,0,10.1
2026-02-24T16:57:48.539,3.36,309,early_blight,0.6416,False,,0,0,0,0,0,10.0
2026-02-24T16:57:48.551,3.38,310,early_blight,0.9736,True,,0,0,0,0,0,11.0
2026-02-24T16:57:48.561,3.39,311,early_blight,0.97,True,,0,0,0,0,0,9.9
2026-02-24T16:57:48.572,3.4,312,early_blight,0.691,False,,0,0,0,0,0,10.3
2026-02-24T16:57:48.583,3.41,313,late_blight,0.6301,False,,0,0,0,0,0,10.1
2026-02-24T16:57:48.594,3.42,314,early_blight,0.9954,True,,0,0,0,0,0,9.9
2026-02-24T16:57:48.617,3.44,315,healthy,0.5007,False,,0,0,0,0,0,21.8
2026-02-24T16:57:48.662,3.49,316,early_blight,0.995,True,,0,0,0,0,0,43.4
2026-02-24T16:57:48.688,3.51,317,early_blight,0.6865,False,,0,0,0,0,0,23.9
2026-02-24T16:57:48.708,3.53,318,late_blight,0.8082,True,,0,0,0,0,0,18.5
2026-02-24T16:57:48.737,3.56,319,early_blight,0.9988,True,,0,0,0,0,0,27.9
2026-02-24T16:57:48.858,3.68,320,early_blight,0.9888,True,,0,0,0,0,0,119.1
2026-02-24T16:57:48.894,3.72,321,early_blight,0.9792,True,,0,0,0,0,0,29.7
2026-02-24T16:57:48.911,3.74,322,early_blight,0.903,True,,0,0,0,0,0,15.7
2026-02-24T16:57:48.929,3.75,323,late_blight,0.8423,True,,0,0,0,0,0,17.2
2026-02-24T16:57:48.939,3.76,324,early_blight,0.7249,True,,0,0,0,0,0,10.0
2026-02-24T16:57:48.950,3.78,325,early_blight,0.9854,True,,0,0,0,0,0,9.7
2026-02-24T16:57:48.961,3.79,326,early_blight,0.9994,True,,0,0,0,0,0,10.0
2026-02-24T16:57:48.972,3.8,327,early_blight,0.9825,True,,0,0,0,0,0,10.3
2026-02-24T16:57:48.982,3.81,328,early_blight,0.8341,True,,0,0,0,0,0,9.7
2026-02-24T16:57:48.993,3.82,329,late_blight,0.5977,False,,0,0,0,0,0,9.7
2026-02-24T16:57:49.003,3.83,330,early_blight,0.9897,True,,0,0,0,0,0,9.4
2026-02-24T16:57:49.013,3.84,331,early_blight,0.8106,True,,0,0,0,0,0,9.5
2026-02-24T16:57:49.024,3.85,332,early_blight,0.9868,True,,0,0,0,0,0,9.4
2026-02-24T16:57:49.034,3.86,333,early_blight,0.9774,True,,0,0,0,0,0,9.6
2026-02-24T16:57:49.045,3.87,334,early_blight,0.647,False,,0,0,0,0,0,9.7
2026-02-24T16:57:49.055,3.88,335,early_blight,0.9159,True,,0,0,0,0,0,9.4
2026-02-24T16:57:49.065,3.89,336,early_blight,0.96,True,,0,0,0,0,0,9.6
2026-02-24T16:57:49.078,3.9,337,early_blight,0.9897,True,,0,0,0,0,0,11.6
2026-02-24T16:57:49.089,3.91,338,early_blight,0.8505,True,,0,0,0,0,0,9.8
2026-02-24T16:57:49.099,3.92,339,early_blight,0.6999,False,,0,0,0,0,0,9.8
2026-02-24T16:57:49.110,3.93,340,early_blight,0.6683,False,,0,0,0,0,0,9.7
2026-02-24T16:57:49.120,3.95,341,early_blight,0.8798,True,,0,0,0,0,0,9.5
2026-02-24T16:57:49.131,3.96,342,early_blight,0.6434,False,,0,0,0,0,0,9.9
2026-02-24T16:57:49.142,3.97,343,early_blight,0.875,True,,0,0,0,0,0,10.1
2026-02-24T16:57:49.152,3.98,344,early_blight,0.9972,True,,0,0,0,0,0,9.7
2026-02-24T16:57:49.163,3.99,345,early_blight,0.9575,True,,0,0,0,0,0,9.6
2026-02-24T16:57:49.173,4.0,346,early_blight,0.6287,False,,0,0,0,0,0,9.6
2026-02-24T16:57:49.184,4.01,347,early_blight,0.9513,True,,0,0,0,0,0,10.0
2026-02-24T16:57:49.196,4.02,348,early_blight,0.8979,True,,0,0,0,0,0,11.5
2026-02-24T16:57:49.207,4.03,349,early_blight,0.9988,True,,0,0,0,0,0,9.8
2026-02-24T16:57:49.217,4.04,350,early_blight,0.9846,True,,0,0,0,0,0,9.4
2026-02-24T16:57:49.227,4.05,351,late_blight,0.8795,True,,0,0,0,0,0,9.8
2026-02-24T16:57:49.238,4.06,352,early_blight,0.9153,True,,0,0,0,0,0,9.4
2026-02-24T16:57:49.248,4.07,353,early_blight,0.9911,True,,0,0,0,0,0,9.6
2026-02-24T16:57:49.258,4.08,354,early_blight,0.9994,True,,0,0,0,0,0,9.6
2026-02-24T16:57:49.268,4.09,355,early_blight,0.6384,False,,0,0,0,0,0,9.4
2026-02-24T16:57:49.279,4.1,356,early_blight,0.9985,True,,0,0,0,0,0,9.7
2026-02-24T16:57:49.289,4.11,357,early_blight,0.6568,False,,0,0,0,0,0,9.4
2026-02-24T16:57:49.299,4.12,358,early_blight,0.9657,True,,0,0,0,0,0,9.4
2026-02-24T16:57:49.310,4.13,359,early_blight,0.6692,False,,0,0,0,0,0,9.7
2026-02-24T16:57:49.320,4.15,360,early_blight,0.6301,False,,0,0,0,0,0,9.5
2026-02-24T16:57:49.330,4.16,361,early_blight,0.7421,True,,0,0,0,0,0,9.7
2026-02-24T16:57:49.340,4.17,362,early_blight,0.9899,True,,0,0,0,0,0,9.5
2026-02-24T16:57:49.351,4.18,363,late_blight,0.5315,False,,0,0,0,0,0,9.4
2026-02-24T16:57:49.361,4.19,364,early_blight,0.9996,True,,0,0,0,0,0,9.6
2026-02-24T16:57:49.372,4.2,365,early_blight,0.8654,True,,0,0,0,0,0,10.5
2026-02-24T16:57:49.385,4.21,366,early_blight,0.769,True,,0,0,0,0,0,12.5
2026-02-24T16:57:49.396,4.22,367,early_blight,0.8022,True,,0,0,0,0,0,9.7
2026-02-24T16:57:49.407,4.23,368,early_blight,0.8987,True,,0,0,0,0,0,9.5
2026-02-24T16:57:49.417,4.24,369,early_blight,0.9903,True,,0,0,0,0,0,9.4
2026-02-24T16:57:49.427,4.25,370,early_blight,0.9017,True,,0,0,0,0,0,9.7
2026-02-24T16:57:49.438,4.26,371,early_blight,0.9591,True,,0,0,0,0,0,9.5
2026-02-24T16:57:49.448,4.27,372,early_blight,0.6491,False,,0,0,0,0,0,9.5
2026-02-24T16:57:49.458,4.28,373,early_blight,0.9998,True,,0,0,0,0,0,9.6
2026-02-24T16:57:49.468,4.29,374,early_blight,0.9173,True,,0,0,0,0,0,9.3
2026-02-24T16:57:49.479,4.3,375,early_blight,0.9977,True,,0,0,0,0,0,9.9
2026-02-24T16:57:49.489,4.31,376,early_blight,0.7073,True,,0,0,0,0,0,9.5
2026-02-24T16:57:49.499,4.32,377,early_blight,0.6532,False,,0,0,0,0,0,9.4
2026-02-24T16:57:49.510,4.33,378,early_blight,0.9727,True,,0,0,0,0,0,9.6
2026-02-24T16:57:49.520,4.35,379,early_blight,0.9695,True,,0,0,0,0,0,9.5
2026-02-24T16:57:49.530,4.36,380,healthy,0.57,False,,0,0,0,0,0,9.7
2026-02-24T16:57:49.541,4.37,381,early_blight,0.8959,True,,0,0,0,0,0,9.7
2026-02-24T16:57:49.551,4.38,382,early_blight,0.9605,True,,0,0,0,0,0,9.4
2026-02-24T16:57:49.561,4.39,383,early_blight,0.9994,True,,0,0,0,0,0,9.6
2026-02-24T16:57:49.572,4.4,384,early_blight,0.9774,True,,0,0,0,0,0,9.4
2026-02-24T16:57:49.582,4.41,385,early_blight,0.9297,True,,0,0,0,0,0,9.8
2026-02-24T16:57:49.593,4.42,386,early_blight,0.8134,True,,0,0,0,0,0,9.6
2026-02-24T16:57:49.603,4.43,387,early_blight,0.9995,True,,0,0,0,0,0,9.5
2026-02-24T16:57:49.614,4.44,388,late_blight,0.9748,True,,0,0,0,0,0,9.6
2026-02-24T16:57:49.624,4.45,389,early_blight,0.7752,True,,0,0,0,0,0,9.4
2026-02-24T16:57:49.634,4.46,390,early_blight,0.9981,True,,0,0,0,0,0,9.4
2026-02-24T16:57:49.645,4.47,391,early_blight,0.5002,False,,0,0,0,0,0,9.7
2026-02-24T16:57:49.655,4.48,392,early_blight,0.8588,True,,0,0,0,0,0,9.4
2026-02-24T16:57:49.665,4.49,393,early_blight,0.971,True,,0,0,0,0,0,9.5
2026-02-24T16:57:49.676,4.5,394,early_blight,0.9321,True,,0,0,0,0,0,9.7
2026-02-24T16:57:49.686,4.51,395,early_blight,0.6004,False,,0,0,0,0,0,9.4
2026-02-24T16:57:49.696,4.52,396,early_blight,0.9606,True,,0,0,0,0,0,9.6
2026-02-24T16:57:49.706,4.53,397,early_blight,0.8802,True,,0,0,0,0,0,9.4
2026-02-24T16:57:49.716,4.54,398,early_blight,0.9999,True,,0,0,0,0,0,9.4
2026-02-24T16:57:49.727,4.55,399,early_blight,0.9714,True,,0,0,0,0,0,9.8
2026-02-24T16:57:49.737,4.56,400,early_blight,0.9205,True,,0,0,0,0,0,9.3
2026-02-24T16:57:49.748,4.57,401,early_blight,0.9929,True,,0,0,0,0,0,9.7
2026-02-24T16:57:49.758,4.58,402,early_blight,0.9722,True,,0,0,0,0,0,9.5
2026-02-24T16:57:49.768,4.59,403,early_blight,0.8316,True,,0,0,0,0,0,9.3
2026-02-24T16:57:49.778,4.6,404,early_blight,0.9619,True,,0,0,0,0,0,9.7
2026-02-24T16:57:49.788,4.61,405,early_blight,0.5196,False,,0,0,0,0,0,9.5
2026-02-24T16:57:49.799,4.62,406,early_blight,0.998,True,,0,0,0,0,0,9.5
2026-02-24T16:57:49.809,4.63,407,early_blight,0.9937,True,,0,0,0,0,0,9.5
2026-02-24T16:57:49.819,4.64,408,early_blight,0.9655,True,,0,0,0,0,0,9.4
2026-02-24T16:57:49.830,4.66,409,early_blight,0.9797,True,,0,0,0,0,0,9.9
2026-02-24T16:57:49.840,4.67,410,early_blight,0.9083,True,,0,0,0,0,0,9.5
2026-02-24T16:57:49.850,4.68,411,early_blight,0.9652,True,,0,0,0,0,0,9.4
2026-02-24T16:57:49.861,4.69,412,early_blight,0.9829,True,,0,0,0,0,0,9.7
2026-02-24T16:57:49.871,4.7,413,early_blight,0.9994,True,,0,0,0,0,0,9.4
2026-02-24T16:57:49.881,4.71,414,early_blight,0.6123,False,,0,0,0,0,0,9.8
2026-02-24T16:57:49.892,4.72,415,early_blight,0.9635,True,,0,0,0,0,0,9.6
2026-02-24T16:57:49.902,4.73,416,early_blight,0.624,False,,0,0,0,0,0,9.4
2026-02-24T16:57:49.912,4.74,417,early_blight,0.9728,True,,0,0,0,0,0,9.6
2026-02-24T16:57:49.922,4.75,418,early_blight,0.9935,True,,0,0,0,0,0,9.3
2026-02-24T16:57:49.933,4.76,419,early_blight,0.9844,True,,0,0,0,0,0,9.9
2026-02-24T16:57:49.943,4.77,420,early_blight,0.9955,True,,0,0,0,0,0,9.6
2026-02-24T16:57:49.953,4.78,421,early_blight,0.7292,True,,0,0,0,0,0,9.6
2026-02-24T16:57:49.964,4.79,422,early_blight,0.7105,True,,0,0,0,0,0,9.6
2026-02-24T16:57:49.974,4.8,423,early_blight,0.6224,False,,0,0,0,0,0,9.5
2026-02-24T16:57:49.984,4.81,424,early_blight,0.723,True,,0,0,0,0,0,9.4
2026-02-24T16:57:49.995,4.82,425,early_blight,0.9925,True,,0,0,0,0,0,9.7
2026-02-24T16:57:50.005,4.83,426,early_blight,0.7475,True,,0,0,0,0,0,9.3
2026-02-24T16:57:50.015,4.84,427,healthy,0.9444,False,,0,0,0,0,0,9.5
2026-02-24T16:57:50.025,4.85,428,late_blight,0.7827,True,,0,0,0,0,0,9.7
2026-02-24T16:57:50.036,4.86,429,late_blight,0.5601,False,,0,0,0,0,0,9.4
2026-02-24T16:57:50.046,4.87,430,early_blight,0.692,False,,0,0,0,0,0,9.6
2026-02-24T16:57:50.056,4.88,431,healthy,0.5146,False,,0,0,0,0,0,9.4
2026-02-24T16:57:50.067,4.89,432,early_blight,0.9917,True,,0,0,0,0,0,9.4
2026-02-24T16:57:50.077,4.9,433,early_blight,0.9754,True,,0,0,0,0,0,9.6
2026-02-24T16:57:50.087,4.91,434,early_blight,0.9996,True,,0,0,0,0,0,9.4
2026-02-24T16:57:50.097,4.92,435,early_blight,0.9991,True,,0,0,0,0,0,9.4
2026-02-24T16:57:50.108,4.93,436,early_blight,0.9678,True,,0,0,0,0,0,9.5
2026-02-24T16:57:50.118,4.94,437,late_blight,0.6444,False,,0,0,0,0,0,9.4
2026-02-24T16:57:50.128,4.95,438,early_blight,0.9808,True,,0,0,0,0,0,9.8
2026-02-24T16:57:50.139,4.96,439,early_blight,0.9885,True,,0,0,0,0,0,9.4
2026-02-24T16:57:50.149,4.97,440,healthy,0.9411,False,,0,0,0,0,0,9.6
2026-02-24T16:57:50.159,4.98,441,early_blight,0.689,False,,0,0,0,0,0,9.6
2026-02-24T16:57:50.169,4.99,442,late_blight,0.9069,True,,0,0,0,0,0,9.4
2026-02-24T16:57:50.180,5.01,443,early_blight,0.8882,True,,0,0,0,0,0,9.7
2026-02-24T16:57:50.190,5.02,444,early_blight,0.9758,True,,0,0,0,0,0,9.3
2026-02-24T16:57:50.200,5.03,445,early_blight,0.974,True,,0,0,0,0,0,9.7
2026-02-24T16:57:50.211,5.04,446,early_blight,0.9358,True,,0,0,0,0,0,9.6
2026-02-24T16:57:50.221,5.05,447,early_blight,0.9987,True,,0,0,0,0,0,9.4
2026-02-24T16:57:50.231,5.06,448,early_blight,0.9947,True,,0,0,0,0,0,9.9
2026-02-24T16:57:50.242,5.07,449,early_blight,0.999,True,,0,0,0,0,0,9.6
2026-02-24T16:57:50.252,5.08,450,early_blight,0.785,True,,0,0,0,0,0,9.4
2026-02-24T16:57:50.262,5.09,451,early_blight,0.9944,True,,0,0,0,0,0,9.5
2026-02-24T16:57:50.273,5.1,452,healthy,0.9087,False,,0,0,0,0,0,9.4
2026-02-24T16:57:50.283,5.11,453,early_blight,0.8493,True,,0,0,0,0,0,9.7
2026-02-24T16:57:50.293,5.12,454,early_blight,0.9597,True,,0,0,0,0,0,9.6
2026-02-24T16:57:50.304,5.13,455,early_blight,0.9675,True,,0,0,0,0,0,9.4
2026-02-24T16:57:50.314,5.14,456,early_blight,0.9894,True,,0,0,0,0,0,9.6
2026-02-24T16:57:50.324,5.15,457,early_blight,0.9969,True,,0,0,0,0,0,9.8
2026-02-24T16:57:50.335,5.16,458,early_blight,0.5629,False,,0,0,0,0,0,9.4
2026-02-24T16:57:50.345,5.17,459,early_blight,0.5615,False,,0,0,0,0,0,9.6
2026-02-24T16:57:50.355,5.18,460,early_blight,0.9481,True,,0,0,0,0,0,9.3
2026-02-24T16:57:50.365,5.19,461,early_blight,0.9999,True,,0,0,0,0,0,9.5
2026-02-24T16:57:50.375,5.2,462,early_blight,1.0,True,,0,0,0,0,0,9.7
2026-02-24T16:57:50.386,5.21,463,early_blight,0.7842,True,,0,0,0,0,0,9.5
2026-02-24T16:57:50.396,5.22,464,early_blight,0.9977,True,,0,0,0,0,0,9.6
2026-02-24T16:57:50.406,5.23,465,early_blight,0.9944,True,,0,0,0,0,0,9.4
2026-02-24T16:57:50.416,5.24,466,early_blight,0.9535,True,,0,0,0,0,0,9.5
2026-02-24T16:57:50.427,5.25,467,early_blight,0.7989,True,,0,0,0,0,0,9.8
2026-02-24T16:57:50.437,5.26,468,early_blight,0.5373,False,,0,0,0,0,0,9.4
2026-02-24T16:57:50.447,5.27,469,early_blight,0.944,True,,0,0,0,0,0,9.5
2026-02-24T16:57:50.458,5.28,470,early_blight,0.8268,True,,0,0,0,0,0,9.5
2026-02-24T16:57:50.468,5.29,471,early_blight,0.9875,True,,0,0,0,0,0,9.4
2026-02-24T16:57:50.478,5.3,472,early_blight,0.9955,True,,0,0,0,0,0,9.7
2026-02-24T16:57:50.488,5.31,473,early_blight,0.9985,True,,0,0,0,0,0,9.3
2026-02-24T16:57:50.498,5.32,474,early_blight,0.9864,True,,0,0,0,0,0,9.5
2026-02-24T16:57:50.509,5.33,475,early_blight,0.9869,True,,0,0,0,0,0,9.6
2026-02-24T16:57:50.519,5.34,476,healthy,0.638,False,,0,0,0,0,0,9.5
2026-02-24T16:57:50.529,5.35,477,early_blight,0.9574,True,,0,0,0,0,0,9.6
2026-02-24T16:57:50.539,5.36,478,early_blight,0.6541,False,,0,0,0,0,0,9.3
2026-02-24T16:57:50.550,5.37,479,early_blight,0.9599,True,,0,0,0,0,0,9.5
2026-02-24T16:57:50.560,5.39,480,early_blight,0.6178,False,,0,0,0,0,0,9.5
2026-02-24T16:57:50.570,5.4,481,early_blight,0.7869,True,,0,0,0,0,0,9.4
2026-02-24T16:57:50.581,5.41,482,early_blight,0.9981,True,,0,0,0,0,0,9.7
2026-02-24T16:57:50.591,5.42,483,healthy,0.4629,False,,0,0,0,0,0,9.7
2026-02-24T16:57:50.602,5.43,484,late_blight,0.8592,True,,0,0,0,0,0,9.4
2026-02-24T16:57:50.612,5.44,485,early_blight,0.9883,True,,0,0,0,0,0,9.5
2026-02-24T16:57:50.622,5.45,486,early_blight,0.9927,True,,0,0,0,0,0,9.3
2026-02-24T16:57:50.632,5.46,487,early_blight,0.7982,True,,0,0,0,0,0,9.7
2026-02-24T16:57:50.643,5.47,488,early_blight,0.8543,True,,0,0,0,0,0,9.5
2026-02-24T16:57:50.653,5.48,489,early_blight,0.9973,True,,0,0,0,0,0,9.4
2026-02-24T16:57:50.663,5.49,490,early_blight,0.5993,False,,0,0,0,0,0,9.5
2026-02-24T16:57:50.673,5.5,491,late_blight,0.6304,False,,0,0,0,0,0,9.4
2026-02-24T16:57:50.683,5.51,492,early_blight,0.8545,True,,0,0,0,0,0,9.5
2026-02-24T16:57:50.694,5.52,493,early_blight,0.862,True,,0,0,0,0,0,10.4
2026-02-24T16:57:50.705,5.53,494,healthy,0.9418,False,,0,0,0,0,0,9.4
2026-02-24T16:57:50.715,5.54,495,early_blight,0.9226,True,,0,0,0,0,0,9.6
2026-02-24T16:57:50.726,5.55,496,early_blight,0.6441,False,,0,0,0,0,0,9.6
2026-02-24T16:57:50.736,5.56,497,early_blight,0.8422,True,,0,0,0,0,0,9.5
2026-02-24T16:57:50.746,5.57,498,late_blight,0.7031,True,,0,0,0,0,0,9.5
2026-02-24T16:57:50.756,5.58,499,early_blight,0.9924,True,,0,0,0,0,0,9.4
2026-02-24T16:57:50.766,5.59,500,early_blight,0.8539,True,,0,0,0,0,0,9.4
2026-02-24T16:57:50.777,5.6,501,early_blight,0.9648,True,,0,0,0,0,0,10.0
2026-02-24T16:57:50.787,5.61,502,early_blight,0.5216,False,,0,0,0,0,0,9.4
2026-02-24T16:57:50.797,5.62,503,early_blight,0.804,True,,0,0,0,0,0,9.4
2026-02-24T16:57:50.808,5.63,504,early_blight,0.948,True,,0,0,0,0,0,9.6
2026-02-24T16:57:50.818,5.64,505,early_blight,0.8819,True,,0,0,0,0,0,9.4
2026-02-24T16:57:50.828,5.65,506,early_blight,0.9993,True,,0,0,0,0,0,9.7
2026-02-24T16:57:50.838,5.66,507,early_blight,0.7266,True,,0,0,0,0,0,9.4
2026-02-24T16:57:50.848,5.67,508,late_blight,0.8103,True,,0,0,0,0,0,9.5
2026-02-24T16:57:50.858,5.68,509,early_blight,0.9882,True,,0,0,0,0,0,9.4
2026-02-24T16:57:50.868,5.69,510,early_blight,0.9998,True,,0,0,0,0,0,9.3
2026-02-24T16:57:50.879,5.7,511,early_blight,0.6635,False,,0,0,0,0,0,9.7
2026-02-24T16:57:50.889,5.71,512,early_blight,0.5892,False,,0,0,0,0,0,9.4
2026-02-24T16:57:50.900,5.72,513,late_blight,0.6818,False,,0,0,0,0,0,9.5
2026-02-24T16:57:50.910,5.74,514,late_blight,0.8188,True,,0,0,0,0,0,9.5
2026-02-24T16:57:50.920,5.75,515,early_blight,0.9274,True,,0,0,0,0,0,9.5
2026-02-24T16:57:50.930,5.76,516,early_blight,0.5449,False,,0,0,0,0,0,9.6
2026-02-24T16:57:50.941,5.77,517,late_blight,0.731,True,,0,0,0,0,0,9.5
2026-02-24T16:57:50.951,5.78,518,early_blight,0.823,True,,0,0,0,0,0,9.4
2026-02-24T16:57:50.961,5.79,519,early_blight,0.9269,True,,0,0,0,0,0,9.6
2026-02-24T16:57:50.971,5.8,520,early_blight,0.6665,False,,0,0,0,0,0,9.5
2026-02-24T16:57:50.982,5.81,521,early_blight,0.9963,True,,0,0,0,0,0,10.1
2026-02-24T16:57:50.992,5.82,522,early_blight,0.9969,True,,0,0,0,0,0,9.6
2026-02-24T16:57:51.002,5.83,523,early_blight,0.991,True,,0,0,0,0,0,9.4
2026-02-24T16:57:51.013,5.84,524,late_blight,0.5055,False,,0,0,0,0,0,9.5
2026-02-24T16:57:51.023,5.85,525,early_blight,0.9992,True,,0,0,0,0,0,9.4
2026-02-24T16:57:51.033,5.86,526,early_blight,0.9981,True,,0,0,0,0,0,9.7
2026-02-24T16:57:51.043,5.87,527,early_blight,0.8752,True,,0,0,0,0,0,9.6
2026-02-24T16:57:51.053,5.88,528,late_blight,0.6762,False,,0,0,0,0,0,9.3
2026-02-24T16:57:51.063,5.89,529,early_blight,0.9228,True,,0,0,0,0,0,9.4
2026-02-24T16:57:51.073,5.9,530,early_blight,0.7726,True,,0,0,0,0,0,9.5
2026-02-24T16:57:51.084,5.91,531,early_blight,0.9446,True,,0,0,0,0,0,9.4
2026-02-24T16:57:51.094,5.92,532,early_blight,0.9998,True,,0,0,0,0,0,9.6
2026-02-24T16:57:51.104,5.93,533,early_blight,0.885,True,,0,0,0,0,0,9.3
2026-02-24T16:57:51.115,5.94,534,early_blight,0.7641,True,,0,0,0,0,0,9.5
2026-02-24T16:57:51.125,5.95,535,early_blight,0.9216,True,,0,0,0,0,0,9.7
2026-02-24T16:57:51.135,5.96,536,early_blight,0.8375,True,,0,0,0,0,0,9.3
2026-02-24T16:57:51.145,5.97,537,late_blight,0.5066,False,,0,0,0,0,0,9.6
2026-02-24T16:57:51.156,5.98,538,early_blight,0.9313,True,,0,0,0,0,0,9.5
2026-02-24T16:57:51.166,5.99,539,early_blight,0.9891,True,,0,0,0,0,0,9.5
2026-02-24T16:57:51.176,6.0,540,early_blight,0.9988,True,,0,0,0,0,0,9.9
2026-02-24T16:57:51.186,6.01,541,early_blight,0.9996,True,,0,0,0,0,0,9.4
2026-02-24T16:57:51.197,6.02,542,early_blight,0.9584,True,,0,0,0,0,0,9.5
2026-02-24T16:57:51.207,6.03,543,early_blight,0.9642,True,,0,0,0,0,0,9.4
2026-02-24T16:57:51.217,6.04,544,early_blight,0.9943,True,,0,0,0,0,0,9.3
2026-02-24T16:57:51.227,6.05,545,early_blight,0.9851,True,,0,0,0,0,0,9.7
2026-02-24T16:57:51.237,6.06,546,early_blight,0.9982,True,,0,0,0,0,0,9.3
2026-02-24T16:57:51.248,6.07,547,late_blight,0.7301,True,,0,0,0,0,0,9.6
2026-02-24T16:57:51.258,6.08,548,early_blight,0.936,True,,0,0,0,0,0,9.5
2026-02-24T16:57:51.268,6.09,549,early_blight,0.5497,False,,0,0,0,0,0,9.4
2026-02-24T16:57:51.278,6.1,550,early_blight,0.9074,True,,0,0,0,0,0,9.7
2026-02-24T16:57:51.288,6.11,551,early_blight,0.5375,False,,0,0,0,0,0,9.3
2026-02-24T16:57:51.299,6.12,552,early_blight,0.5995,False,,0,0,0,0,0,9.5
2026-02-24T16:57:51.309,6.13,553,early_blight,0.9064,True,,0,0,0,0,0,9.6
2026-02-24T16:57:51.319,6.14,554,early_blight,0.995,True,,0,0,0,0,0,9.4
2026-02-24T16:57:51.329,6.15,555,early_blight,0.929,True,,0,0,0,0,0,9.7
2026-02-24T16:57:51.339,6.16,556,early_blight,0.9986,True,,0,0,0,0,0,9.4
2026-02-24T16:57:51.350,6.18,557,early_blight,0.9541,True,,0,0,0,0,0,9.5
2026-02-24T16:57:51.360,6.19,558,early_blight,0.9029,True,,0,0,0,0,0,9.6
2026-02-24T16:57:51.370,6.2,559,early_blight,0.9996,True,,0,0,0,0,0,9.4
2026-02-24T16:57:51.380,6.21,560,early_blight,0.9925,True,,0,0,0,0,0,9.7
2026-02-24T16:57:51.391,6.22,561,early_blight,0.7365,True,,0,0,0,0,0,9.6
2026-02-24T16:57:51.401,6.23,562,early_blight,0.8844,True,,0,0,0,0,0,9.3
2026-02-24T16:57:51.411,6.24,563,early_blight,0.7627,True,,0,0,0,0,0,9.7
2026-02-24T16:57:51.422,6.25,564,late_blight,0.5969,False,,0,0,0,0,0,9.4
2026-02-24T16:57:51.432,6.26,565,early_blight,0.964,True,,0,0,0,0,0,9.5
2026-02-24T16:57:51.442,6.27,566,early_blight,0.9526,True,,0,0,0,0,0,9.6
2026-02-24T16:57:51.452,6.28,567,early_blight,0.5372,False,,0,0,0,0,0,9.3
2026-02-24T16:57:51.463,6.29,568,late_blight,0.7068,True,,0,0,0,0,0,9.4
2026-02-24T16:57:51.473,6.3,569,late_blight,0.5901,False,,0,0,0,0,0,9.4
2026-02-24T16:57:51.483,6.31,570,early_blight,0.7593,True,,0,0,0,0,0,9.5
2026-02-24T16:57:51.493,6.32,571,late_blight,0.7809,True,,0,0,0,0,0,9.5
2026-02-24T16:57:51.504,6.33,572,late_blight,0.8032,True,,0,0,0,0,0,9.4
2026-02-24T16:57:51.514,6.34,573,early_blight,0.9919,True,,0,0,0,0,0,9.5
2026-02-24T16:57:51.524,6.35,574,late_blight,0.5137,False,,0,0,0,0,0,9.5
2026-02-24T16:57:51.534,6.36,575,early_blight,0.9468,True,,0,0,0,0,0,9.4
2026-02-24T16:57:51.545,6.37,576,early_blight,0.8774,True,,0,0,0,0,0,9.6
2026-02-24T16:57:51.555,6.38,577,early_blight,0.9573,True,,0,0,0,0,0,9.4
2026-02-24T16:57:51.565,6.39,578,healthy,0.387,False,,0,0,0,0,0,9.6
2026-02-24T16:57:51.576,6.4,579,early_blight,0.968,True,,0,0,0,0,0,9.7
2026-02-24T16:57:51.586,6.41,580,early_blight,0.9904,True,,0,0,0,0,0,9.6
2026-02-24T16:57:51.596,6.42,581,early_blight,0.5125,False,,0,0,0,0,0,9.5
2026-02-24T16:57:51.606,6.43,582,early_blight,0.9419,True,,0,0,0,0,0,9.4
2026-02-24T16:57:51.616,6.44,583,early_blight,0.9966,True,,0,0,0,0,0,9.4
2026-02-24T16:57:51.627,6.45,584,early_blight,0.9087,True,,0,0,0,0,0,9.7
2026-02-24T16:57:51.637,6.46,585,early_blight,0.6929,False,,0,0,0,0,0,9.4
2026-02-24T16:57:51.647,6.47,586,late_blight,0.6437,False,,0,0,0,0,0,9.5
2026-02-24T16:57:51.657,6.48,587,late_blight,0.6984,False,,0,0,0,0,0,9.6
2026-02-24T16:57:51.667,6.49,588,early_blight,0.5668,False,,0,0,0,0,0,9.3
2026-02-24T16:57:51.678,6.5,589,early_blight,0.9985,True,,0,0,0,0,0,9.7
2026-02-24T16:57:51.688,6.51,590,early_blight,0.9991,True,,0,0,0,0,0,9.4
2026-02-24T16:57:51.698,6.52,591,early_blight,0.6238,False,,0,0,0,0,0,9.8
2026-02-24T16:57:51.709,6.53,592,late_blight,0.7185,True,,0,0,0,0,0,9.5
2026-02-24T16:57:51.719,6.54,593,early_blight,0.9989,True,,0,0,0,0,0,9.4
2026-02-24T16:57:51.729,6.55,594,early_blight,0.7582,True,,0,0,0,0,0,9.6
2026-02-24T16:57:51.740,6.56,595,healthy,0.762,False,,0,0,0,0,0,9.3
2026-02-24T16:57:51.750,6.58,596,early_blight,0.6625,False,,0,0,0,0,0,9.4
2026-02-24T16:57:51.760,6.59,597,early_blight,0.9673,True,,0,0,0,0,0,9.6
2026-02-24T16:57:51.770,6.6,598,late_blight,0.5135,False,,0,0,0,0,0,9.4
2026-02-24T16:57:51.781,6.61,599,late_blight,0.5315,False,,0,0,0,0,0,9.7
2026-02-24T16:57:51.791,6.62,600,late_blight,0.6801,False,,0,0,0,0,0,9.7
